Timestamp,Which grade are you in?,What is your gender?,How many courses are you enrolled in at ISF?,How many CCAs are you enrolled in?,How many hours in a day on average do you spend on homework? ,How many after school activities do you do outside of school per week?,Do you have parental controls on any of your electronic devices?,"If you answered yes to the question above, what types of parental controls do they use? ",How much time do your parents allow you to use social media in a day? ,How many personal electronic devices do you have?,At what age did you get a phone?,"How much time do you think you spent on the following kinds of apps per day on average last week?  [Social (Instagram, Reddit, etc.)]","How much time do you think you spent on the following kinds of apps per day on average last week?  [Productivity (Mail, Calendar, etc.)]","How much time do you think you spent on the following kinds of apps per day on average last week?  [Games (Among Us, Clash of Clans etc)]","How much time do you think you spent on the following kinds of apps per day on average last week?  [Education (Duolingo, Khan Academy, etc.)]","How much time do you think you spent on the following kinds of apps per day on average last week?  [Entertainment (Spotify, Netflix, etc)]",Do you use a device other than your laptop during school hours?,"If you answered yes to the question above, which blocks do you use it?",How often do you check your school email each week? ,On average how many times do you pick up your phone per day? ,What was your average screen time on your phone last week (in hours)? ,When do you use your phone the most in a day?,"On average, do you use your phone more on school days or days when you are not in school? ","According to your screen time data, how much time did you spend on the following kinds of apps per day on average last week?  [Social]","According to your screen time data, how much time did you spend on the following kinds of apps per day on average last week?  [Productivity]","According to your screen time data, how much time did you spend on the following kinds of apps per day on average last week?  [Games]","According to your screen time data, how much time did you spend on the following kinds of apps per day on average last week?  [Education]","According to your screen time data, how much time did you spend on the following kinds of apps per day on average last week?  [Entertainment]",What is your most used app on your phone? ,How old were you when you first created a social media account? ,Did your parents oversee the account creation?,"Which social media account(s) do you have, if any? ",Which platforms do you the most? ,"Compared to before you started using social media, how often do you leave the house now that you use social media?",How often do you rest your eyes after using an electronic device?,"On average, how long before sleeping do you stop looking at your devices? (in minutes)","On average, how soon do you look at a tech device after waking up? (in minutes)","For each of the activities, compare how frequently you did the activity before getting social media with how frequently you do the activity now. [Leave the house]","For each of the activities, compare how frequently you did the activity before getting social media with how frequently you do the activity now. [Exercise]","For each of the activities, compare how frequently you did the activity before getting social media with how frequently you do the activity now. [Feel anxious in a social situation]","For each of the activities, compare how frequently you did the activity before getting social media with how frequently you do the activity now. [Feel confident in a social situation]","For each of the activities, compare how frequently you did the activity before getting social media with how frequently you do the activity now. [Feel connected to a community]"
2/1/2021 11:08:43,Grade 7,Female,none,none,3,5,Yes,"App Restrictions, Screen time limits, Purchase Restrictions",Less than 30 minutes,2,Not applicable,< 10m,30m-60m,< 10m,1-2 hours,< 10m,No,Not Applicable,1-3 times per DAY,N/A,N/A,,Non-school days,< 10m,< 10m,< 10m,< 10m,< 10m,N/A,Not applicable,Not applicable,Discord,Discord,3,Sometimes,20,when i wake up (for school),Much less often,About the same,Much more often,Much less often,Somewhat less often
2/1/2021 11:10:27,Grade 7,Female,N/A,3,2.5,1,Yes,Purchase Restrictions,No limit,"laptop, phone",12,1-2 hours,10-30m,< 10m,< 10m,2+ hours,No,,1-3 times per DAY,15-20,2.5 hours,After school - before dinner,School days,1-2 hours,10-30m,10-30m,< 10m,10-30m,Instagram,11,Yes,"Instagram, Youtube, Discord",Instagram,3,Rarely,1(?),1,About the same,Somewhat more often,Much more often,Somewhat less often,Much more often
2/1/2021 11:11:28,Grade 9,Female,8,1,an hour and a half ,"2, each 4 times a week ",Yes,App Restrictions,2 hours,"kindle, iphone, laptop",11,1-2 hours,< 10m,< 10m,< 10m,< 10m,No,Not Applicable,1-3 times per DAY,10,1.5 hours a day,After dinner - before bedtime,Non-school days,1-2 hours,< 10m,< 10m,< 10m,< 10m,instagram ,11,Yes,"Instagram, Discord, Other",Instagram,3,Always,10,340,Somewhat less often,Much less often,Much less often,About the same,About the same
2/1/2021 11:13:16,Grade 7,Male,10,4,2.5,2,Yes,Purchase Restrictions,No limit,2,Not applicable,< 10m,2+ hours,< 10m,30m-60m,10-30m,No,Not Applicable,4+ times per DAY,N/A,,,,,,,,,,13,Yes,"Youtube, Discord, Other",Youtube,3,Sometimes,20,30,Somewhat less often,About the same,Much less often,Somewhat more often,Much more often
2/1/2021 11:14:56,Grade 6,Toad,12,3,0,2,No,,Less than 30 minutes,3,11,2+ hours,2+ hours,< 10m,2+ hours,< 10m,No,,1-3 times per DAY,5,0.5,After school - before dinner,School days,< 10m,< 10m,< 10m,< 10m,< 10m,Whatsapp,9,Yes,"Youtube, Discord, Other",Youtube,4,Often,60,30,Somewhat more often,About the same,About the same,Somewhat more often,Somewhat more often
2/1/2021 11:15:51,Grade 6,Male,none,1,30 min,2,No,,2 hours,"Kindle, laptop",18,< 10m,< 10m,30m-60m,10-30m,< 10m,Yes,Recess,4+ times per DAY,N/A,N/A,,,,,,,,,10,Yes,"Discord, Other",Youtube,1,Always,60 min,,About the same,About the same,About the same,About the same,About the same
2/1/2021 11:16:10,Grade 11,Female,6,0,3,2,No,,No limit,5,12,30m-60m,< 10m,< 10m,< 10m,10-30m,Yes,"Recess, Lunch",1-3 times per DAY,10,1hr,After dinner - before bedtime,Non-school days,1-2 hours,10-30m,< 10m,< 10m,30m-60m,Instagram,12,Now,"Twitter, Facebook, Instagram, Youtube, Other",Instagram,2,Often,10 mins,15 mins,Somewhat less often,Somewhat less often,About the same,Somewhat more often,About the same
2/1/2021 11:17:56,Grade 8,Female,1,1,3 hours,4,No,,5 + hours,"1 Laptop, 1 Huion Pen Display tablet and 1 kindle",Not applicable,2+ hours,10-30m,2+ hours,< 10m,10-30m,No,Not Applicable,1-3 times per DAY,N/A,N/A,,,,,,,,,10,Now,"Twitter, Facebook, Instagram, Youtube, Discord, Other",Discord,2,Sometimes,20,30,Somewhat less often,About the same,Somewhat more often,About the same,Much more often
2/1/2021 11:19:06,Grade 10,Male,...,1,8-10,4,No,,No limit,8,12,10-30m,< 10m,2+ hours,10-30m,1-2 hours,Yes,"Block 1, Block 2, Recess, Block 3, Lunch, Block 4, Block 5",4+ times per DAY,4,24 min oh jesus im efficient ,During school,School days,10-30m,< 10m,2+ hours,< 10m,1-2 hours,imessages,12,Now,"Twitter, Facebook, Instagram, Youtube, Discord, Other",Discord,4,Never,"2, 3 seconds",0,About the same,Somewhat less often,Much less often,Much more often,Much more often
2/1/2021 11:24:09,Grade 10,Female,9,2,4,0,No,,Less than 30 minutes,2,9,30m-60m,10-30m,10-30m,< 10m,2+ hours,Yes,"Recess, Lunch",4+ times per DAY,21,1h35m,After dinner - before bedtime,Non-school days,< 10m,< 10m,30m-60m,< 10m,1-2 hours,Discord,11,Now,"Twitter, Instagram, Youtube, Discord",Discord,4,Never,0,30,About the same,About the same,About the same,About the same,Much more often
2/1/2021 11:25:28,Grade 9,Female,,2,3,3,No,,No limit,"phone, laptop, kindle",10,30m-60m,10-30m,30m-60m,30m-60m,2+ hours,No,Not Applicable,4+ times per DAY,,1h 23m,After dinner - before bedtime,Non-school days,1-2 hours,< 10m,< 10m,< 10m,< 10m,instagram,10,Not applicable,"Twitter, Instagram, Youtube, Discord, Other",Discord,3,Rarely,10,20,About the same,About the same,About the same,About the same,About the same
2/1/2021 11:27:51,Grade 10,Female,0,0,"2-3? Not completely sure, sorry. ",0,No,,No limit,3,10,10-30m,10-30m,1-2 hours,< 10m,10-30m,Yes,Lunch,3-7 times per WEEK,Can't find. ,Can't find.,After school - before dinner,School days,1-2 hours,< 10m,1-2 hours,< 10m,< 10m,"Probably Discord. I'd like to add that everything above is an estimate, because I can't find the screen time.",8,Now,"Twitter, Facebook, Instagram, Youtube, Discord",Discord,2,Rarely,5 minutes? ,15-20 minutes,About the same,About the same,Somewhat less often,Somewhat more often,Much more often
2/1/2021 11:30:21,Grade 9,Female,9,0,4-5,4,No,,No limit,1 - laptop,Not applicable,< 10m,30m-60m,< 10m,< 10m,30m-60m,No,,4+ times per DAY,N/A,N/A,,,,,,,,,11,Not applicable,"Instagram, Youtube, Discord",Discord,3,Rarely,30 ~ 60,20 ~ 30,About the same,Somewhat less often,About the same,About the same,Much more often
2/1/2021 11:31:46,Grade 10,Female,9,0,3,2,Yes,"Screen time limits, Purchase Restrictions",4 hours,3,11,2+ hours,10-30m,10-30m,< 10m,2+ hours,No,Not Applicable,1-3 times per DAY,10+ times,6 hours,After school - before dinner,Non-school days,2+ hours,10-30m,10-30m,< 10m,2+ hours,Instagram,12,Not applicable,"Twitter, Facebook, Instagram, Youtube, Discord",Instagram,3,Rarely,5,10,About the same,About the same,About the same,Somewhat more often,About the same
2/1/2021 11:32:26,Grade 6,Female,11 including tutor group,2 but one of them is cancelled due to coronavirus,1-2 hours,none,Yes,"App Restrictions, Screen time limits, Purchase Restrictions",1 hour,3,10,10-30m,10-30m,10-30m,10-30m,< 10m,No,,4+ times per DAY,3-4,1 hour and 30 minutes hehe,After school - before dinner,Non-school days,30m-60m,10-30m,10-30m,10-30m,< 10m,either chrome or instagram,11,Yes,"Instagram, Youtube, Discord",Instagram,3,Often,60-70 minutes i think,60 minutes,About the same,About the same,Somewhat more often,Somewhat more often,Somewhat more often
2/1/2021 11:36:22,Grade 10,Male,0,0,2-3,2,No,,No limit,"Phone, Macbook, Playstation 4, Nintendo Switch, Gaming Laptop",8,1-2 hours,< 10m,2+ hours,< 10m,2+ hours,Yes,"Block 1, Block 2, Recess, Block 3, Lunch, Block 4, Block 5",3-7 times per WEEK,45,9h 44m,During school,School days,2+ hours,10-30m,1-2 hours,,2+ hours,Youtube,8,Now,"Twitter, Facebook, Instagram, Youtube, Discord, Other",Discord,2,Never,30,0,Somewhat less often,About the same,Somewhat less often,Somewhat more often,Much more often
2/1/2021 11:39:22,Grade 10,Female,,0,4,2,No,,No limit,5,8,2+ hours,< 10m,< 10m,< 10m,1-2 hours,Yes,"Recess, Lunch",3-7 times per WEEK,122,5h,After school - before dinner,School days,2+ hours,< 10m,< 10m,< 10m,2+ hours,Discord,8,Now,"Twitter, Facebook, Instagram, Youtube, Discord, Other",Youtube,3,Sometimes,5mins,1min,About the same,Somewhat less often,Somewhat less often,Somewhat more often,Much more often
2/1/2021 11:42:34,Grade 6,Female,2,none,2,5,No,,5 + hours,4,8,2+ hours,30m-60m,30m-60m,10-30m,2+ hours,Yes,"Block 1, Recess, Lunch, Block 5",1-3 times per DAY,10,5,After school - before dinner,Non-school days,2+ hours,30m-60m,30m-60m,30m-60m,2+ hours,instagram,9,Yes,"Instagram, Youtube, Discord, Other",Instagram,5,Sometimes,5 mins,2 mins,Much more often,Much more often,Much more often,Much more often,Much more often
2/1/2021 11:43:05,Grade 6,Male,,,,,No,,No limit,2,Not applicable,10-30m,10-30m,1-2 hours,30m-60m,30m-60m,No,,4+ times per DAY,N/A,N/A,,Non-school days,,,,,,N/A,9,Not applicable,Discord,Youtube,3,Sometimes,30,10,About the same,Somewhat more often,About the same,Somewhat more often,Much more often
2/1/2021 11:45:49,Grade 7,Male,10,4,0.5-1,5,Yes,App Restrictions,Less than 30 minutes,2,Not applicable,< 10m,2+ hours,< 10m,2+ hours,30m-60m,No,,4+ times per DAY,N/A,,,,,,,,,,13,Not applicable,"Twitter, Youtube, Other",Other,5,Always,90,15,Somewhat more often,Somewhat more often,Much less often,Much more often,About the same
2/1/2021 11:48:29,Grade 10,Female,9,1,2,1,No,,No limit,2,9,2+ hours,10-30m,< 10m,< 10m,1-2 hours,Yes,"Recess, Lunch",4+ times per DAY,25,4h,After dinner - before bedtime,Non-school days,2+ hours,30m-60m,< 10m,< 10m,1-2 hours,Safari ,10,Now,"Twitter, Facebook, Instagram, Youtube, Discord, Other",Instagram,2,Sometimes,5,5,Somewhat less often,About the same,Somewhat less often,Somewhat more often,About the same
2/1/2021 11:49:43,Grade 9,Male,9,3,4,3,Yes,"Screen time limits, Purchase Restrictions",3 hours,3,9,2+ hours,1-2 hours,30m-60m,1-2 hours,2+ hours,Yes,"Recess, Lunch",1-3 times per DAY,4,21,After dinner - before bedtime,Non-school days,1-2 hours,1-2 hours,30m-60m,1-2 hours,2+ hours,YouTube,,Not applicable,"Twitter, Instagram, Youtube, Discord",Discord,3,Rarely,5,5,Somewhat more often,About the same,Somewhat more often,About the same,Much more often
2/1/2021 11:55:57,Grade 7,Female,9,3,1,4,No,,No limit,5,10,< 10m,10-30m,30m-60m,10-30m,1-2 hours,Yes,"Recess, Lunch",1-3 times per DAY,20,2 hours,After dinner - before bedtime,Non-school days,30m-60m,< 10m,1-2 hours,< 10m,10-30m,Brawl Stars,12,Yes,"Youtube, Discord",Discord,3,Often,10 minutes,30 minutes,About the same,About the same,About the same,About the same,Somewhat more often
2/1/2021 11:58:01,Grade 8,Male,0,2,1-2 hours ,2,Yes,"Screen time limits, Purchase Restrictions",No limit,"Phone, Laptop, Watch",11,10-30m,10-30m,10-30m,30m-60m,30m-60m,Yes,"Recess, Lunch",1-3 times per DAY,5-20,2hours,After school - before dinner,School days,30m-60m,30m-60m,30m-60m,30m-60m,< 10m,Genshin Impact ,10,Not applicable,"Instagram, Youtube, Discord, Other",Discord,3,Rarely,5minutes,1 minute,About the same,Somewhat more often,Much more often,Somewhat less often,Much more often
2/1/2021 12:01:04,Grade 8,Male,2,3,2,4,Yes,Screen time limits,2 hours,7,10,10-30m,30m-60m,2+ hours,30m-60m,1-2 hours,Yes,"Recess, Lunch",4+ times per DAY,5-6,0.6,After school - before dinner,School days,30m-60m,30m-60m,2+ hours,1-2 hours,1-2 hours,Discord,10,Yes,"Twitter, Facebook, Instagram, Youtube, Discord, Other",Discord,3,Always,30,30,About the same,Somewhat more often,About the same,About the same,Somewhat more often
2/1/2021 12:01:31,Grade 8,Male,0,0,1-2,1,Yes,Screen time limits,No limit,5,11,30m-60m,< 10m,1-2 hours,10-30m,2+ hours,Yes,"Recess, Lunch",4+ times per DAY,,34,After dinner - before bedtime,Non-school days,10-30m,10-30m,10-30m,< 10m,30m-60m,reddit,Not applicable,Now,"Twitter, Instagram, Youtube, Discord, Other",Youtube,1,Never,0,0,Much less often,Somewhat less often,Somewhat less often,Somewhat more often,Much more often
2/1/2021 12:07:17,Grade 11,Male,6,4,1-3,8,Yes,Screen time limits,No limit,3,9,1-2 hours,< 10m,10-30m,< 10m,30m-60m,No,,4+ times per DAY,50+,6 hrs,After dinner - before bedtime,School days,2+ hours,10-30m,10-30m,< 10m,1-2 hours,reddit,8,Yes,"Twitter, Facebook, Instagram, Youtube, Discord, Other",Youtube,4,Rarely,2,0,Somewhat more often,About the same,Somewhat less often,About the same,Somewhat more often
2/1/2021 12:11:18,Grade 10,Female,1,5,3+,2,No,,No limit,4,10,2+ hours,< 10m,10-30m,10-30m,2+ hours,Yes,"Recess, Lunch",4+ times per DAY,quite a lot,2,After school - before dinner,School days,1-2 hours,10-30m,< 10m,< 10m,30m-60m,instagram,11,Now,"Twitter, Instagram, Youtube, Discord, Other",Instagram,3,Sometimes,60,5,About the same,Somewhat less often,Somewhat more often,Somewhat more often,About the same
2/1/2021 12:12:18,Grade 10,Non-binary,if you mean on timetable classes then 8,3,3-5,2,No,,5 + hours,7 (if walkmans and old ipods count idk),13,30m-60m,2+ hours,1-2 hours,30m-60m,2+ hours,Yes,"Block 1, Block 2, Recess, Block 3, Lunch, Block 4, Block 5",4+ times per DAY,4ish ,10,After dinner - before bedtime,School days,< 10m,2+ hours,< 10m,2+ hours,2+ hours,Safari or Fanfiction.net,13,Yes,"Twitter, Facebook, Instagram, Youtube, Discord",Discord,3,Often,60,20,About the same,About the same,About the same,About the same,Somewhat more often
2/1/2021 12:21:27,Grade 10,,,,5,2,No,,No limit,2,12,1-2 hours,10-30m,< 10m,< 10m,10-30m,No,,4+ times per DAY,2,,,Non-school days,,,,,,,,Yes,"Instagram, Discord",Discord,,Rarely,1,,,,,,
2/1/2021 12:27:52,Grade 10,Female,,1,1.5,Without covid - around 6,No,,1 hour,2,11,10-30m,< 10m,,< 10m,10-30m,Yes,"Block 1, Lunch",1-3 times per DAY,10,2 hours,After school - before dinner,School days,30m-60m,< 10m,,10-30m,,Instagram,11,Now,"Twitter, Facebook, Instagram, Youtube",Instagram,2,Rarely,10,10,Somewhat less often,Somewhat less often,Somewhat more often,Somewhat less often,About the same
2/1/2021 12:31:54,Grade 6,Male,11,1,0.75,2,Yes,"App Restrictions, Screen time limits, Purchase Restrictions",Less than 30 minutes,"3.5 （I don't own it, but i'm the only one who uses it)",12,< 10m,10-30m,< 10m,< 10m,10-30m,No,Not Applicable,1-3 times per DAY,3-4,1.6,After school - before dinner,Non-school days,< 10m,< 10m,< 10m,< 10m,10-30m,safari (youtube),Not applicable,Yes,Youtube,Youtube,3,Often,30-45,20,About the same,About the same,About the same,About the same,About the same
2/1/2021 12:45:35,Grade 6,Male,12,4,2 hours,3,No,,No limit,3,Not applicable,< 10m,< 10m,30m-60m,2+ hours,10-30m,No,,4+ times per DAY,N/A,,,,,,,,,,11,Yes,"Twitter, Youtube, Discord, Other",Youtube,3,Sometimes,30,30,About the same,About the same,About the same,About the same,About the same
2/1/2021 13:10:53,Grade 6,Male,9,4,1 hour,5-6,No,,Less than 30 minutes,2,Not applicable,< 10m,30m-60m,< 10m,< 10m,< 10m,No,,1-3 times per DAY,N/A,N/A,,,,,,,,,Not applicable,Not applicable,"Youtube, Discord",Youtube,1,Often,30,10-15,,,,,
2/1/2021 13:13:45,Grade 8,Male,10,2,2.5,3,No,,No limit,5,11,30m-60m,10-30m,30m-60m,< 10m,< 10m,No,,1-3 times per DAY,5,1.5,After school - before dinner,Non-school days,30m-60m,30m-60m,< 10m,< 10m,< 10m,Wechat,12,Now,"Youtube, Discord, Other",Other,3,Often,40,30,About the same,About the same,About the same,About the same,About the same
2/1/2021 13:22:09,Grade 11,Female,6,2,3-4,6,No,,No limit,4,14,30m-60m,10-30m,1-2 hours,30m-60m,1-2 hours,Yes,"Recess, Lunch",4+ times per DAY,20,4,After school - before dinner,School days,10-30m,30m-60m,1-2 hours,< 10m,1-2 hours,Youtube,14,Now,"Twitter, Youtube, Discord",Discord,4,Rarely,30 minutes,20 minutes,About the same,Somewhat less often,About the same,Somewhat more often,About the same
2/1/2021 13:26:40,Grade 6,Female,around 9,two,ard 1 hr to 30 min,around 5 per week,No,,1 hour,"I have one kindle, one phone and one computer",10,< 10m,10-30m,< 10m,< 10m,30m-60m,No,Not Applicable,1-3 times per DAY,Around 10-20 for weekdays 40-60 weekends,1 hr ,After dinner - before bedtime,Non-school days,< 10m,10-30m,< 10m,< 10m,30m-60m,Youtube,11,Yes,"Instagram, Youtube, Discord",Youtube,4,Rarely,ard 20 minutes ( school days) ard 10 minutes (non-school days),at least 2 hrs later,About the same,Somewhat more often,About the same,About the same,About the same
2/1/2021 13:30:31,Grade 9,Female,Just all the compulsory courses,0,1~2 depending on the workload,5,No,,Less than 30 minutes,2,14,1-2 hours,10-30m,< 10m,< 10m,30m-60m,No,,3-7 times per WEEK,10,"17 minutes,,,,(0.2833333 hours)",After school - before dinner,School days,10-30m,10-30m,< 10m,< 10m,< 10m,Whatsapp,10,Now,"Twitter, Facebook, Instagram, Youtube, Discord, Other",Youtube,3,Sometimes,30 minutes,80 minutes,Somewhat more often,Somewhat more often,Somewhat more often,Somewhat less often,Somewhat more often
2/1/2021 13:42:35,Grade 10,Male,9,None,3-4,2,No,,No limit,3,10,10-30m,10-30m,30m-60m,< 10m,30m-60m,Yes,Lunch,1-3 times per DAY,3,0.5,After dinner - before bedtime,School days,10-30m,< 10m,10-30m,< 10m,< 10m,Spotify,12,Now,"Instagram, Youtube, Discord",Youtube,3,Sometimes,0,10,About the same,Somewhat more often,Somewhat more often,Somewhat less often,Somewhat more often
2/1/2021 13:42:38,Grade 6,Female,I am not sure,"2, but because of covid, 1",1-3,8,No,,1 hour,"Kindle, iPad, iPhone, MacBook",8,10-30m,30m-60m,< 10m,2+ hours,10-30m,No,,4+ times per DAY,5 (each time about 10 mins),7,After dinner - before bedtime,Non-school days,< 10m,30m-60m,< 10m,2+ hours,2+ hours,Douyin,10,Now,"Instagram, Youtube, Discord, Other",Youtube,5,Always,10,30 mins (class) 3:30 (After class),Much more often,Much more often,About the same,Much more often,Much more often
2/1/2021 13:46:38,Grade 8,,,1,1-2 depends,2,No,,No limit,phone laptop ipad ,8,2+ hours,< 10m,< 10m,< 10m,< 10m,Yes,"Block 1, Block 2, Recess, Block 3, Lunch, Block 4, Block 5",4+ times per DAY,like 100 times,4h 55m,After school - before dinner,School days,2+ hours,< 10m,< 10m,< 10m,1-2 hours,instagram,8,Now,"Twitter, Facebook, Instagram, Youtube, Discord",Instagram,1,Never,I don't stop looking at my devices,I don't sleep,About the same,Somewhat less often,Somewhat more often,Somewhat less often,Much more often
2/1/2021 13:52:25,Grade 11,Male,6,1,4,5,No,,No limit,"Phone, laptop",11,10-30m,< 10m,30m-60m,< 10m,< 10m,Yes,"Recess, Lunch",1-3 times per DAY,50,2,After school - before dinner,Non-school days,10-30m,< 10m,30m-60m,< 10m,10-30m,Brawl Stars,14,Now,"Twitter, Facebook, Instagram, Youtube, Discord, Other",Youtube,4,Rarely,20,2,Somewhat more often,Somewhat more often,Much less often,Somewhat more often,About the same
2/1/2021 14:06:33,Grade 6,Female,???,1,5,3,Yes,"App Restrictions, Purchase Restrictions",2 hours,5,11,10-30m,10-30m,< 10m,< 10m,30m-60m,No,Not Applicable,4+ times per DAY,I am only allowed to touch my phone on weekends,2,,Non-school days,< 10m,< 10m,< 10m,< 10m,< 10m,Music,,Yes,"Instagram, Youtube, Discord, Other",Other,4,Often,3 hours,on school days 10 because i wake up late,Somewhat more often,About the same,About the same,Somewhat more often,Somewhat more often
2/1/2021 14:25:59,Grade 11,Female,6,3,4,3,No,Screen time limits,No limit,"desktop, laptop, phone",10,< 10m,10-30m,< 10m,10-30m,< 10m,Yes,"Block 1, Block 2, Recess, Block 3, Lunch, Block 4, Block 5",4+ times per DAY,20?,1,After school - before dinner,Non-school days,< 10m,10-30m,< 10m,30m-60m,< 10m,Whatsapp,14,Now,"Instagram, Youtube, Discord",Discord,3,Rarely,10,10,About the same,About the same,Somewhat less often,Somewhat more often,Somewhat more often
2/1/2021 14:26:53,Grade 12,Female,9,0,6,3,No,,No limit,5,9,1-2 hours,< 10m,1-2 hours,2+ hours,2+ hours,Yes,"Recess, Lunch",1-3 times per DAY,30,2 hours,After dinner - before bedtime,School days,1-2 hours,2+ hours,< 10m,30m-60m,2+ hours,Discord,9,Yes,"Twitter, Facebook, Instagram, Youtube, Discord",Youtube,3,Rarely,5,1,About the same,Somewhat more often,About the same,About the same,Somewhat more often
2/1/2021 14:37:36,Grade 6,Female,0,2,1,7,Yes,"App Restrictions, Screen time limits, Purchase Restrictions",1 hour,3,8,30m-60m,10-30m,10-30m,< 10m,1-2 hours,Yes,Recess,4+ times per DAY,5,2,After school - before dinner,Non-school days,30m-60m,10-30m,10-30m,< 10m,10-30m,Instagram,11,Yes,"Instagram, Youtube",Youtube,3,Often,90,60,About the same,Somewhat less often,Somewhat more often,About the same,Somewhat less often
2/1/2021 14:41:52,Grade 9,Male,0,1,1 - 2.5,1,No,,No limit,3-4,11,30m-60m,1-2 hours,1-2 hours,< 10m,2+ hours,No,,4+ times per DAY,6-10,2,After dinner - before bedtime,Non-school days,30m-60m,10-30m,1-2 hours,10-30m,1-2 hours,Youtube,11,Not applicable,"Twitter, Facebook, Instagram, Youtube, Discord",Youtube,2,Sometimes,15,20,Somewhat less often,Somewhat less often,About the same,About the same,Somewhat more often
2/1/2021 14:44:12,Grade 9,Male,10,1,2-3,7,No,,3 hours,3,13,< 10m,10-30m,30m-60m,10-30m,1-2 hours,No,Not Applicable,4+ times per DAY,7,2 hours,After school - before dinner,Non-school days,< 10m,10-30m,30m-60m,10-30m,30m-60m,Youtube,8,Now,"Instagram, Discord",Discord,3,Often,15,"Right after, since its my alarm",About the same,About the same,Somewhat more often,Somewhat less often,Somewhat more often
2/1/2021 14:54:38,Grade 7,Female,1,4,2,12,No,,No limit,5,8,10-30m,< 10m,2+ hours,< 10m,30m-60m,No,,1-3 times per DAY,19,1h 12m,After dinner - before bedtime,Non-school days,30m-60m,30m-60m,2+ hours,1-2 hours,2+ hours,Youtube,11,Now,"Instagram, Youtube, Discord, Other",Other,1,Never,0,1h,Somewhat less often,Somewhat less often,About the same,About the same,Somewhat more often
2/1/2021 15:03:25,Grade 12,Female,6,1,3,2,No,,No limit,2,13,1-2 hours,10-30m,< 10m,30m-60m,< 10m,Yes,"Recess, Lunch",4+ times per DAY,13,1h 1m,After school - before dinner,School days,2+ hours,10-30m,1-2 hours,< 10m,< 10m,Twitter,10,Now,"Twitter, Instagram, Youtube, Discord, Other",Other,2,Rarely,2,30,About the same,About the same,Somewhat less often,Somewhat more often,Much more often
2/1/2021 15:14:35,Grade 6,Male,,,,,Yes,Purchase Restrictions,,2 (I laptop and 1 kindle),Not applicable,,,,,,,,4+ times per DAY,N/A,,,,,,,,,,Not applicable,Not applicable,None,None,,Sometimes,,,,,,,
2/1/2021 15:25:49,Grade 11,Female,WDYM do you mean classes? Then 6 classes because I am in DP,2,3 or more,at least 5,No,,No limit,"Desktop, laptop, other laptop, phone, ipad",12,< 10m,10-30m,< 10m,2+ hours,< 10m,Yes,"Recess, Lunch",3-7 times per WEEK,3 or 4,13 minutes so around 1/4 hours,After school - before dinner,Non-school days,10-30m,< 10m,,,,"Instagram, followed by notes and whatsapp",16,Yes,Instagram,Instagram,,Often,IDK I never keep track,"at least 30-40 minutes on weekdays, 10 minutes on weekends",About the same,About the same,About the same,About the same,Somewhat more often
2/1/2021 15:43:56,Grade 6,Male,12,3? I forgot because it was a long time ago.,2 hours?,"Less than 5 hours, total.",Yes,"App Restrictions, Purchase Restrictions",Less than 30 minutes,"1 laptop, 1 phone and a ps4 that I share w/ my brother and dad.",11,< 10m,2+ hours,< 10m,< 10m,30m-60m,No,Not Applicable,4+ times per DAY,N/A (I don't use it anymore),0,,,,,,,,,10,Yes,"Youtube, Discord",Discord,,Always,4 hours? Usually,"2 hours, because I wake up at 6, and I start class at 8. Other than during weekends I wait for like 4-5 hours.",Somewhat more often,About the same,Somewhat less often,Somewhat more often,Much more often
2/1/2021 16:13:00,Grade 11,Female,10,2,5,3,No,,No limit,3,9,1-2 hours,30m-60m,< 10m,10-30m,30m-60m,No,Not Applicable,4+ times per DAY,63,3,After dinner - before bedtime,Non-school days,2+ hours,10-30m,< 10m,< 10m,30m-60m,WhatsApp,12,Yes,"Twitter, Facebook, Instagram, Youtube, Discord, Other",Instagram,,Rarely,2,10,Somewhat less often,Much less often,About the same,About the same,Much more often
2/1/2021 16:18:49,Grade 9,Female,Around 9.,"Around 3, some CCA sessions are meetings only. ",2 hours to 3 hours.,None. ,No,,No limit,"Laptop, phone, ipad.",11,< 10m,10-30m,30m-60m,2+ hours,1-2 hours,No,,4+ times per DAY,75,10 hours 34 minutes,After school - before dinner,School days,2+ hours,2+ hours,1-2 hours,30m-60m,10-30m,Wechat.,12,No,"Instagram, Discord",None,,Often,10-30 minutes.,"Depends on whether it is a school day or not. On a school day, probably between 10-30 minutes to check email. ",About the same,Much less often,Much more often,Somewhat less often,Much less often
2/1/2021 16:21:46,Grade 11,Female,6,4,2,1,No,,No limit,"phone, laptop, kindle",12,2+ hours,< 10m,2+ hours,< 10m,30m-60m,Yes,"Recess, Lunch",1-3 times per DAY,10,3h39m per day,After school - before dinner,Non-school days,2+ hours,10-30m,2+ hours,< 10m,< 10m,Instagram,11,Yes,"Twitter, Instagram, Youtube, Discord",Instagram,,Sometimes,10 minutes,10 minutes,About the same,About the same,Somewhat more often,Somewhat less often,Somewhat more often
2/1/2021 16:35:35,Grade 10,Female,9,4,5,4,No,,1 hour,3,12,30m-60m,< 10m,< 10m,10-30m,2+ hours,Yes,"Recess, Lunch",4+ times per DAY,73,1 hour 53 minutes,After school - before dinner,Non-school days,1-2 hours,30m-60m,< 10m,< 10m,2+ hours,Instagram,12,No,"Facebook, Instagram, Discord, Other",Instagram,,Sometimes,30,5,About the same,Somewhat less often,About the same,About the same,Much more often
2/1/2021 17:31:16,Grade 6,Male,10,None,1 and a half,6,Yes,"App Restrictions, Screen time limits, Purchase Restrictions",Less than 30 minutes,3,Not applicable,< 10m,10-30m,30m-60m,30m-60m,30m-60m,No,,4+ times per DAY,N/A,N/A,,,,,,,,,Not applicable,Not applicable,None,None,,Often,28 minutes,40 minutes,,,,,
2/1/2021 18:16:40,Grade 7,Female,12,1,2 hours,5,Yes,App Restrictions,1 hour,3,10,1-2 hours,10-30m,1-2 hours,30m-60m,30m-60m,Yes,"Recess, Lunch",3-7 times per WEEK,4,3 hours,After dinner - before bedtime,Non-school days,1-2 hours,10-30m,1-2 hours,10-30m,30m-60m,"Roblox, Instagram, Spotify or Pintrest",11,No,"Twitter, Instagram, Youtube, Discord, Other",Instagram,,Sometimes,20 minutes,10,About the same,Somewhat more often,About the same,About the same,About the same
2/1/2021 19:00:24,Grade 8,Male,,2,3-4,2,Yes,App Restrictions,Less than 30 minutes,Kindle,13,< 10m,10-30m,30m-60m,30m-60m,10-30m,No,Not Applicable,1-3 times per DAY,1,0.3,After school - before dinner,School days,< 10m,10-30m,10-30m,< 10m,< 10m,Roblox,12,No,"Twitter, Instagram, Youtube, Discord",Discord,,Sometimes,30mins - 1 hour,30mins - 1 hour,Much less often,Much less often,Somewhat less often,Somewhat less often,Somewhat less often
2/1/2021 19:09:13,Grade 9,Male,9,1,3-5,5,No,,No limit,2,11,10-30m,< 10m,1-2 hours,10-30m,30m-60m,Yes,"Recess, Lunch",4+ times per DAY,28,4,After dinner - before bedtime,Non-school days,1-2 hours,10-30m,< 10m,< 10m,1-2 hours,Youtube,8,No,"Facebook, Instagram, Youtube, Discord, Other",Other,,Rarely,45,5,About the same,About the same,About the same,About the same,About the same
2/1/2021 20:12:11,Grade 8,Female,,2,4,well there are a lot less now because of COVID but i in a normal situation i have : 5 (at least),No,,,"3 - laptop, phone, kindle",12,10-30m,10-30m,< 10m,< 10m,< 10m,Yes,,0-2 times per WEEK,30,4,During school,School days,2+ hours,10-30m,10-30m,,,whatsapp,12,No,Instagram,Instagram,,Sometimes,5? I put my alarm on and that takes less than a minute,0 mins because I need to turn my alarm off,About the same,About the same,About the same,About the same,Somewhat more often
2/1/2021 20:19:59,Grade 8,Male,10,2,1,1,,,No limit,4,11,30m-60m,10-30m,10-30m,< 10m,< 10m,No,Not Applicable,1-3 times per DAY,0,< 1,After school - before dinner,Non-school days,< 10m,< 10m,< 10m,< 10m,< 10m,huawei health,13,No,"Youtube, Discord",Youtube,,Sometimes,10,30,About the same,About the same,Much less often,About the same,Somewhat less often
2/1/2021 20:23:37,Grade 6,Male,all available,1,3-4,0.4,Yes,"App Restrictions, Screen time limits, Purchase Restrictions",1 hour,3,Not applicable,,30m-60m,10-30m,30m-60m,10-30m,No,,4+ times per DAY,N/A,N/A,,,,,,,,N/A,10,Yes,"Youtube, Discord",Discord,,Sometimes,180,60,About the same,Somewhat more often,About the same,About the same,About the same
2/1/2021 21:11:22,Grade 7,Male,11 subjects ,3,1-2 sometimes 2.5 idk,no,No,,No limit,5 if you include my watch,8,2+ hours,2+ hours,2+ hours,2+ hours,30m-60m,Yes,"Recess, Lunch",3-7 times per WEEK,during online classes like less but irl school more ~100? idk,again i use pc mostly and dont really use phone for entertainment in online class,After dinner - before bedtime,Non-school days,2+ hours,2+ hours,< 10m,2+ hours,2+ hours,youtube,8,No,"Twitter, Instagram, Youtube, Discord",Youtube,,Sometimes,i fall asleep whilst watching yt l0l,~10-15mins,Somewhat less often,About the same,Much less often,Much more often,Much more often
2/1/2021 21:45:59,Grade 7,Non-binary,8,0,1.5,0,No,,No limit,Phone/laptop,13,10-30m,< 10m,30m-60m,1-2 hours,10-30m,Yes,"Recess, Lunch",1-3 times per DAY,20,30,After dinner - before bedtime,Non-school days,10-30m,< 10m,10-30m,< 10m,10-30m,Instagram / 閃耀暖暖 (its a game),13,No,"Twitter, Facebook, Instagram, Youtube, Discord",Discord,,Often,1 hour,1 minute (I only stop my alarm and I don't like looking at my phone that early),Somewhat less often,About the same,About the same,About the same,About the same
2/1/2021 22:12:52,Grade 8,Female,10,2,2,7,Yes,"Screen time limits, Purchase Restrictions",Less than 30 minutes,"kindle, phone, laptop",12,30m-60m,< 10m,,< 10m,2+ hours,Yes,Lunch,1-3 times per DAY,pretty much 0 ,2,After school - before dinner,Non-school days,2+ hours,10-30m,< 10m,< 10m,2+ hours,instagram,13,Yes,"Instagram, Youtube, Discord",Instagram,,Often,30,30,About the same,About the same,About the same,About the same,About the same
2/2/2021 7:01:37,Grade 12,Female,6,0,4,0,No,,No limit,3,13,1-2 hours,30m-60m,< 10m,< 10m,10-30m,Yes,"Block 1, Block 2, Block 3, Block 4, Block 5",4+ times per DAY,89,5,After dinner - before bedtime,Non-school days,2+ hours,10-30m,< 10m,< 10m,2+ hours,Instagram,13,No,"Facebook, Instagram, Youtube, Discord",Instagram,,Rarely,10,10,Somewhat less often,Somewhat less often,About the same,Somewhat more often,Somewhat more often
2/2/2021 7:59:43,Grade 7,Male,9,2,1,1,Yes,Screen time limits,2 hours,7,8,< 10m,10-30m,1-2 hours,< 10m,1-2 hours,No,,1-3 times per DAY,4,1.5 hours,After school - before dinner,Non-school days,< 10m,10-30m,1-2 hours,< 10m,30m-60m,Among us ,12,Yes,"Facebook, Instagram, Youtube, Discord",Discord,,Sometimes,2,30mins,About the same,About the same,About the same,About the same,Somewhat more often
2/2/2021 9:16:34,Grade 10,Male,9,3,5,0,No,,No limit,3,12,10-30m,< 10m,< 10m,< 10m,< 10m,Yes,"Block 1, Block 2, Recess, Block 3, Lunch, Block 4, Block 5",1-3 times per DAY,35,1,After school - before dinner,School days,10-30m,< 10m,< 10m,< 10m,< 10m,,15,No,"Youtube, Discord, Other",Youtube,,Rarely,0,30,About the same,About the same,Somewhat less often,Much more often,Much more often
2/2/2021 9:36:19,Grade 7,Female,13,4,30 minutes - 1 hour,3,Yes,"App Restrictions, Screen time limits",4 hours,3,11,2+ hours,,2+ hours,,30m-60m,No,Not Applicable,1-3 times per DAY,17,5 hrs,After school - before dinner,Non-school days,30m-60m,,30m-60m,,2+ hours,youtube,12,No,"Twitter, Youtube, Discord",Youtube,,Sometimes,60 mins,as soon as i wake up (to check the time),Somewhat less often,About the same,About the same,About the same,About the same
2/2/2021 11:16:46,Grade 8,Male,wdym,0,1,1,No,,5 + hours,phone laptop tablet,11,< 10m,10-30m,30m-60m,< 10m,2+ hours,Yes,"Recess, Lunch",3-7 times per WEEK,20+,4,After school - before dinner,Non-school days,2+ hours,< 10m,2+ hours,< 10m,1-2 hours,Safari,11,No,"Instagram, Youtube, Discord, Other",Youtube,,Often,30,1,Somewhat less often,Somewhat more often,About the same,About the same,About the same
2/2/2021 12:16:08,Grade 6,Male,11 right now,"2, if shuyuan counts, 0 if not",0.5-1,0,No,,Less than 30 minutes,2,Not applicable,30m-60m,10-30m,10-30m,< 10m,30m-60m,No,,1-3 times per DAY,N/A,,,,,,,,,,,Not applicable,"Twitter, Youtube, Discord, Other",Other,,Rarely,IDK,20 min,Somewhat less often,Much less often,About the same,About the same,Somewhat more often
2/2/2021 13:28:01,Grade 6,Female,0,0,1,3,Yes,"App Restrictions, Screen time limits",2 hours,,9,30m-60m,10-30m,10-30m,< 10m,30m-60m,Yes,"Recess, Lunch",4+ times per DAY,3,1and a half hour,After school - before dinner,Non-school days,10-30m,< 10m,30m-60m,< 10m,30m-60m,Whatsapp,11,No,"Instagram, Youtube",Instagram,,Rarely,30 min,fifteen minutes,Somewhat less often,Somewhat less often,Somewhat less often,Somewhat less often,Somewhat less often
2/2/2021 13:28:17,Grade 6,Female,5,1,2,5,Yes,"App Restrictions, Screen time limits, Purchase Restrictions",1 hour,2,10,10-30m,< 10m,< 10m,< 10m,30m-60m,No,Not Applicable,3-7 times per WEEK,4-5,9 hr,After dinner - before bedtime,Non-school days,10-30m,< 10m,< 10m,10-30m,30m-60m,whatsapp,11,Yes,"Instagram, Youtube",Youtube,,Sometimes,10,after school,About the same,About the same,About the same,About the same,About the same
2/2/2021 14:44:00,Grade 7,Male,,1,30-50 minutes,4,Yes,"App Restrictions, Screen time limits, Purchase Restrictions",Less than 30 minutes,"2 (phone, macbook)",12,10-30m,2+ hours,10-30m,2+ hours,30m-60m,No,Not Applicable,0-2 times per WEEK,1,10 minutes (because i dont use my phone a lot,After school - before dinner,Non-school days,< 10m,< 10m,< 10m,< 10m,< 10m,Safari,12,Yes,"Instagram, Youtube, Discord, Other",Discord,,Sometimes,2 hourse,30 minutes (online school),About the same,About the same,About the same,About the same,Somewhat more often
2/2/2021 17:15:24,Grade 8,Female,10,3,.5 hours,4,Yes,"App Restrictions, Screen time limits, Purchase Restrictions",No limit,5,10,30m-60m,10-30m,< 10m,< 10m,10-30m,Yes,"Recess, Lunch",3-7 times per WEEK,3,10mins,After dinner - before bedtime,Non-school days,10-30m,< 10m,< 10m,< 10m,< 10m,Whatsapp,11,No,"Twitter, Facebook, Instagram, Youtube, Discord",Instagram,,Always,30,20,About the same,Somewhat more often,About the same,About the same,Somewhat more often
2/2/2021 20:48:58,Grade 8,Female,I'm not sure what you mean....,2,2,2,No,,No limit,2,10,30m-60m,,1-2 hours,< 10m,2+ hours,Yes,"Block 1, Block 2, Recess, Block 3, Lunch, Block 4, Block 5",3-7 times per WEEK,51,4,During school,Non-school days,2+ hours,< 10m,,< 10m,1-2 hours,instagram,13,No,"Instagram, Youtube, Discord",Instagram,,Sometimes,10,6,About the same,About the same,About the same,About the same,Somewhat more often
2/2/2021 22:27:55,Grade 9,Female,9,0,2-4,3,No,,No limit,3,11,1-2 hours,30m-60m,1-2 hours,30m-60m,1-2 hours,Yes,"Recess, Lunch",1-3 times per DAY,a lot,,After school - before dinner,Non-school days,1-2 hours,30m-60m,10-30m,10-30m,1-2 hours,houseparty,11,Yes,"Facebook, Instagram, Youtube, Discord, Other",Instagram,,Rarely,1,1,Somewhat less often,Somewhat less often,About the same,Somewhat more often,Somewhat more often
2/3/2021 8:06:49,Grade 6,Male,12,4,1,3,Yes,App Restrictions,,1,Not applicable,10-30m,10-30m,10-30m,10-30m,10-30m,No,,4+ times per DAY,N/A,N/A,,,,,,,,,11,Yes,"Youtube, Discord, Other",Youtube,,Sometimes,120,30,Somewhat more often,About the same,Somewhat less often,About the same,Somewhat more often
2/3/2021 8:07:31,Grade 6,Male,9,2,2-3,3,Yes,"App Restrictions, Purchase Restrictions",2 hours,3,11,30m-60m,10-30m,1-2 hours,30m-60m,30m-60m,No,Not Applicable,1-3 times per DAY,1,0.5,After school - before dinner,School days,< 10m,< 10m,< 10m,< 10m,< 10m,Settings,11,No,"Youtube, Discord",Youtube,,Sometimes,30,45,About the same,Somewhat less often,Much less often,About the same,Somewhat more often
2/3/2021 11:21:01,Grade 7,Female,,3,1-2,2,No,,1 hour,4,11,10-30m,10-30m,< 10m,10-30m,30m-60m,Yes,"Recess, Lunch",4+ times per DAY,10,1 hour,After school - before dinner,Non-school days,10-30m,10-30m,< 10m,10-30m,30m-60m,instagram,9,No,"Instagram, Youtube, Discord",Discord,,Often,10 minutes,20-30 minutes,About the same,About the same,About the same,About the same,Somewhat more often
2/3/2021 14:18:27,Grade 10,Female,8,2,depends,1,No,,No limit,2,12,30m-60m,10-30m,< 10m,10-30m,30m-60m,Yes,Not Applicable,4+ times per DAY,10,1 hr,Before school,School days,,,,,,,12,No,"Instagram, Discord",Instagram,,Sometimes,around 30 min,an hour,,,,,
2/3/2021 17:01:13,Grade 7,Male,11,2,2,3,No,,2 hours,8,11,< 10m,10-30m,1-2 hours,< 10m,2+ hours,Yes,"Recess, Lunch",1-3 times per DAY,7,2.24,After school - before dinner,Non-school days,< 10m,< 10m,2+ hours,< 10m,1-2 hours,Brawl Stars,12,No,"Twitter, Facebook, Instagram, Youtube, Discord, Other",Youtube,,Sometimes,30,3,Somewhat less often,Somewhat less often,About the same,Somewhat less often,Somewhat more often
2/3/2021 20:37:54,Grade 7,Male,11,4,4-5,1-3,No,,,2,12,< 10m,2+ hours,10-30m,2+ hours,2+ hours,No,,4+ times per DAY,19,2,After school - before dinner,Non-school days,< 10m,< 10m,30m-60m,1-2 hours,2+ hours,YouTube,Not applicable,Not applicable,"Youtube, Discord, Other",Youtube,,Rarely,1,3,,,,,
2/3/2021 21:31:11,Grade 6,Male,11,1,1,7,Yes,"App Restrictions, Screen time limits, Purchase Restrictions",1 hour,3,11,10-30m,30m-60m,30m-60m,< 10m,30m-60m,No,Not Applicable,1-3 times per DAY,2,0.5,After school - before dinner,Non-school days,10-30m,10-30m,30m-60m,10-30m,< 10m,er- i use a nokia lmao so I guess messages?,10,No,"Youtube, Discord",Youtube,,Often,30 mins,"15 minutes after the pandemic, I wake up at 7:45",About the same,Somewhat less often,Somewhat less often,Somewhat more often,Much more often
2/5/2021 12:53:01,Grade 9,Female,9,3,2.5,6,Yes,Screen time limits,No limit,6,11,30m-60m,1-2 hours,< 10m,1-2 hours,2+ hours,Yes,"Block 1, Block 2, Recess, Block 3, Lunch, Block 4, Block 5",4+ times per DAY,90,5-6,After dinner - before bedtime,Non-school days,1-2 hours,1-2 hours,< 10m,1-2 hours,2+ hours,instagram ,11,Yes,"Instagram, Youtube, Discord, Other",Instagram,,Rarely,0,5,Much more often,Much more often,Much less often,Much more often,Much more often
2/23/2021 16:25:38,Grade 8,Female,10,4,1,4,Yes,"App Restrictions, Screen time limits",Less than 30 minutes,2,11,10-30m,< 10m,< 10m,< 10m,10-30m,Yes,"Recess, Lunch",4+ times per DAY,50,1,After school - before dinner,Non-school days,30m-60m,< 10m,< 10m,< 10m,10-30m,Instagram,11,Yes,"Instagram, Youtube",Instagram,,Rarely,20,20,Much more often,Somewhat more often,Somewhat more often,About the same,Somewhat more often
2/26/2021 12:10:25,Grade 6,Male,0,1,30 min,10,Yes,"App Restrictions, Screen time limits, Purchase Restrictions",2 hours,3,Not applicable,< 10m,1-2 hours,1-2 hours,< 10m,1-2 hours,No,Not Applicable,0-2 times per WEEK,N/A,N/A,,,,,,,,N/A,10,Yes,Youtube,Youtube,,Sometimes,30,30,Much less often,Somewhat more often,Much less often,Much less often,Much less often